metric,value
z_factor,0.836506396143921
median_cv_percent,5.577651999262725
